{
	"info": {
		"_postman_id": "eff34d03-db46-4685-bd0a-451f22263786",
		"name": "Cafe-API",
		"schema": "https://schema.getpostman.com/json/collection/v2.1.0/collection.json"
	},
	"item": [
		{
			"name": "Get user by ID",
			"request": {
				"auth": {
					"type": "bearer",
					"bearer": [
						{
							"key": "token",
							"value": "{{token}}",
							"type": "string"
						}
					]
				},
				"method": "GET",
				"header": [],
				"url": {
					"raw": "{{server-url}}/api/v1/user/1",
					"host": [
						"{{server-url}}"
					],
					"path": [
						"api",
						"v1",
						"user",
						"1"
					]
				}
			},
			"response": []
		},
		{
			"name": "Get JWT token",
			"event": [
				{
					"listen": "test",
					"script": {
						"exec": [
							"var jsonData = JSON.parse(responseBody);\r",
							"postman.setEnvironmentVariable(\"token\", jsonData.token);"
						],
						"type": "text/javascript"
					}
				}
			],
			"request": {
				"method": "POST",
				"header": [],
				"body": {
					"mode": "raw",
					"raw": "{\r\n    \"password\": \"ganesh@9096\",\r\n    \"userName\": \"ganeshpatil\"\r\n}",
					"options": {
						"raw": {
							"language": "json"
						}
					}
				},
				"url": {
					"raw": "{{server-url}}/authenticate",
					"host": [
						"{{server-url}}"
					],
					"path": [
						"authenticate"
					]
				}
			},
			"response": []
		},
		{
			"name": "Get categories",
			"request": {
				"auth": {
					"type": "bearer",
					"bearer": [
						{
							"key": "token",
							"value": "{{token}}",
							"type": "string"
						}
					]
				},
				"method": "GET",
				"header": [],
				"url": {
					"raw": "{{server-url}}/api/v1/categories",
					"host": [
						"{{server-url}}"
					],
					"path": [
						"api",
						"v1",
						"categories"
					]
				}
			},
			"response": []
		},
		{
			"name": "Add category",
			"request": {
				"auth": {
					"type": "bearer",
					"bearer": [
						{
							"key": "token",
							"value": "{{token}}",
							"type": "string"
						}
					]
				},
				"method": "POST",
				"header": [],
				"body": {
					"mode": "raw",
					"raw": " {\r\n       \r\n        \"type\": \"SNACKS\"\r\n    }",
					"options": {
						"raw": {
							"language": "json"
						}
					}
				},
				"url": {
					"raw": "{{server-url}}/api/v1/category",
					"host": [
						"{{server-url}}"
					],
					"path": [
						"api",
						"v1",
						"category"
					]
				}
			},
			"response": []
		},
		{
			"name": "Get all menus",
			"request": {
				"auth": {
					"type": "bearer",
					"bearer": [
						{
							"key": "token",
							"value": "{{token}}",
							"type": "string"
						}
					]
				},
				"method": "GET",
				"header": [],
				"url": {
					"raw": "{{server-url}}/api/v1/menus",
					"host": [
						"{{server-url}}"
					],
					"path": [
						"api",
						"v1",
						"menus"
					]
				}
			},
			"response": []
		},
		{
			"name": "Add new Menu",
			"request": {
				"auth": {
					"type": "bearer",
					"bearer": [
						{
							"key": "token",
							"value": "{{token}}",
							"type": "string"
						}
					]
				},
				"method": "POST",
				"header": [],
				"body": {
					"mode": "raw",
					"raw": "{\r\n  \"categories\":  [\r\n    {\r\n       \r\n        \"type\": \"BREAK_FAST\"\r\n    },\r\n    {\r\n       \r\n        \"type\": \"LUNCH\"\r\n    },\r\n    {\r\n     \r\n        \"type\": \"DINNER\"\r\n    },\r\n    {\r\n       \r\n        \"type\": \"SNACKS\"\r\n    }\r\n],\r\n \"description\": \"Test is very good\",\r\n  \"name\": \"Gulabjam\",\r\n  \"price\": 200\r\n}",
					"options": {
						"raw": {
							"language": "json"
						}
					}
				},
				"url": {
					"raw": "{{server-url}}/api/v1/menu",
					"host": [
						"{{server-url}}"
					],
					"path": [
						"api",
						"v1",
						"menu"
					]
				}
			},
			"response": []
		},
		{
			"name": "Update reservation status",
			"event": [
				{
					"listen": "test",
					"script": {
						"exec": [
							""
						],
						"type": "text/javascript"
					}
				}
			],
			"request": {
				"auth": {
					"type": "bearer",
					"bearer": [
						{
							"key": "token",
							"value": "{{token}}",
							"type": "string"
						}
					]
				},
				"method": "PUT",
				"header": [],
				"body": {
					"mode": "raw",
					"raw": "",
					"options": {
						"raw": {
							"language": "json"
						}
					}
				},
				"url": {
					"raw": "{{server-url}}/api/v1/reservations/reservation/32?status=false",
					"host": [
						"{{server-url}}"
					],
					"path": [
						"api",
						"v1",
						"reservations",
						"reservation",
						"32"
					],
					"query": [
						{
							"key": "status",
							"value": "false"
						}
					]
				}
			},
			"response": []
		},
		{
			"name": "Update menu",
			"request": {
				"auth": {
					"type": "bearer",
					"bearer": [
						{
							"key": "token",
							"value": "{{token}}",
							"type": "string"
						}
					]
				},
				"method": "PUT",
				"header": [],
				"body": {
					"mode": "raw",
					"raw": " {\r\n        \"id\": 9,\r\n        \"name\": \"Veg roll\",\r\n        \"description\": \"Role is very testy\",\r\n        \"price\": 200.0\r\n        \r\n    }",
					"options": {
						"raw": {
							"language": "json"
						}
					}
				},
				"url": {
					"raw": "{{server-url}}/api/v1/menus/menu/9",
					"host": [
						"{{server-url}}"
					],
					"path": [
						"api",
						"v1",
						"menus",
						"menu",
						"9"
					]
				}
			},
			"response": []
		},
		{
			"name": "Update category",
			"request": {
				"auth": {
					"type": "bearer",
					"bearer": [
						{
							"key": "token",
							"value": "{{token}}",
							"type": "string"
						}
					]
				},
				"method": "PUT",
				"header": [],
				"url": {
					"raw": "{{server-url}}/api/v1/categories/category/15?type=DINN",
					"host": [
						"{{server-url}}"
					],
					"path": [
						"api",
						"v1",
						"categories",
						"category",
						"15"
					],
					"query": [
						{
							"key": "type",
							"value": "DINN"
						}
					]
				}
			},
			"response": []
		},
		{
			"name": "Delete category",
			"request": {
				"auth": {
					"type": "bearer",
					"bearer": [
						{
							"key": "token",
							"value": "{{token}}",
							"type": "string"
						}
					]
				},
				"method": "DELETE",
				"header": [],
				"url": {
					"raw": "{{server-url}}/api/v1/categories/category/15",
					"host": [
						"{{server-url}}"
					],
					"path": [
						"api",
						"v1",
						"categories",
						"category",
						"15"
					]
				}
			},
			"response": []
		},
		{
			"name": "Delete Menu",
			"request": {
				"auth": {
					"type": "bearer",
					"bearer": [
						{
							"key": "token",
							"value": "{{token}}",
							"type": "string"
						}
					]
				},
				"method": "DELETE",
				"header": [],
				"body": {
					"mode": "raw",
					"raw": "",
					"options": {
						"raw": {
							"language": "json"
						}
					}
				},
				"url": {
					"raw": "{{server-url}}/api/v1/menus/menu/8",
					"host": [
						"{{server-url}}"
					],
					"path": [
						"api",
						"v1",
						"menus",
						"menu",
						"8"
					]
				}
			},
			"response": []
		},
		{
			"name": "Get menu by ID",
			"request": {
				"auth": {
					"type": "bearer",
					"bearer": [
						{
							"key": "token",
							"value": "{{token}}",
							"type": "string"
						}
					]
				},
				"method": "GET",
				"header": [],
				"url": {
					"raw": "{{server-url}}/api/v1/menu/26",
					"host": [
						"{{server-url}}"
					],
					"path": [
						"api",
						"v1",
						"menu",
						"26"
					]
				}
			},
			"response": []
		},
		{
			"name": "Get all menus by page",
			"request": {
				"auth": {
					"type": "bearer",
					"bearer": [
						{
							"key": "token",
							"value": "{{token}}",
							"type": "string"
						}
					]
				},
				"method": "GET",
				"header": [],
				"url": {
					"raw": "{{server-url}}/api/v1/menus/all?page=0&size=10",
					"host": [
						"{{server-url}}"
					],
					"path": [
						"api",
						"v1",
						"menus",
						"all"
					],
					"query": [
						{
							"key": "page",
							"value": "0"
						},
						{
							"key": "size",
							"value": "10"
						}
					]
				}
			},
			"response": []
		},
		{
			"name": "Get categories by page",
			"request": {
				"auth": {
					"type": "bearer",
					"bearer": [
						{
							"key": "token",
							"value": "{{token}}",
							"type": "string"
						}
					]
				},
				"method": "GET",
				"header": [],
				"url": {
					"raw": "{{server-url}}/api/v1/categories/all?page=1&size=0",
					"host": [
						"{{server-url}}"
					],
					"path": [
						"api",
						"v1",
						"categories",
						"all"
					],
					"query": [
						{
							"key": "page",
							"value": "1"
						},
						{
							"key": "size",
							"value": "0"
						}
					]
				}
			},
			"response": []
		},
		{
			"name": "Get reservation by Id",
			"event": [
				{
					"listen": "test",
					"script": {
						"exec": [
							""
						],
						"type": "text/javascript"
					}
				}
			],
			"protocolProfileBehavior": {
				"disableBodyPruning": true
			},
			"request": {
				"auth": {
					"type": "bearer",
					"bearer": [
						{
							"key": "token",
							"value": "{{token}}",
							"type": "string"
						}
					]
				},
				"method": "GET",
				"header": [],
				"body": {
					"mode": "raw",
					"raw": "",
					"options": {
						"raw": {
							"language": "json"
						}
					}
				},
				"url": {
					"raw": "{{server-url}}/api/v1/reservations/reservation/32",
					"host": [
						"{{server-url}}"
					],
					"path": [
						"api",
						"v1",
						"reservations",
						"reservation",
						"32"
					]
				}
			},
			"response": []
		},
		{
			"name": "Get reservation by page",
			"event": [
				{
					"listen": "test",
					"script": {
						"exec": [
							""
						],
						"type": "text/javascript"
					}
				}
			],
			"protocolProfileBehavior": {
				"disableBodyPruning": true
			},
			"request": {
				"auth": {
					"type": "bearer",
					"bearer": [
						{
							"key": "token",
							"value": "{{token}}",
							"type": "string"
						}
					]
				},
				"method": "GET",
				"header": [],
				"body": {
					"mode": "raw",
					"raw": "",
					"options": {
						"raw": {
							"language": "json"
						}
					}
				},
				"url": {
					"raw": "{{server-url}}/api/v1/reservations/all?page=0&size=10",
					"host": [
						"{{server-url}}"
					],
					"path": [
						"api",
						"v1",
						"reservations",
						"all"
					],
					"query": [
						{
							"key": "page",
							"value": "0"
						},
						{
							"key": "size",
							"value": "10"
						}
					]
				}
			},
			"response": []
		},
		{
			"name": "Delete reservation by Id",
			"event": [
				{
					"listen": "test",
					"script": {
						"exec": [
							""
						],
						"type": "text/javascript"
					}
				}
			],
			"request": {
				"auth": {
					"type": "bearer",
					"bearer": [
						{
							"key": "token",
							"value": "{{token}}",
							"type": "string"
						}
					]
				},
				"method": "DELETE",
				"header": [],
				"body": {
					"mode": "raw",
					"raw": "",
					"options": {
						"raw": {
							"language": "json"
						}
					}
				},
				"url": {
					"raw": "{{server-url}}/api/v1/reservations/reservation/32",
					"host": [
						"{{server-url}}"
					],
					"path": [
						"api",
						"v1",
						"reservations",
						"reservation",
						"32"
					]
				}
			},
			"response": []
		}
	],
	"event": [
		{
			"listen": "prerequest",
			"script": {
				"type": "text/javascript",
				"exec": [
					""
				]
			}
		},
		{
			"listen": "test",
			"script": {
				"type": "text/javascript",
				"exec": [
					""
				]
			}
		}
	]
}